Date,Close
10/1/2012 16:00:00,46.72
10/2/2012 16:00:00,46.92
10/3/2012 16:00:00,46.43
10/4/2012 16:00:00,46.63
10/5/2012 16:00:00,46.72
10/8/2012 16:00:00,46.66
10/9/2012 16:00:00,46.11
10/10/2012 16:00:00,45.61
10/11/2012 16:00:00,45.43
10/12/2012 16:00:00,46.05
10/15/2012 16:00:00,46.54
10/16/2012 16:00:00,47.42
10/17/2012 16:00:00,41.15
10/18/2012 16:00:00,41.42
10/19/2012 16:00:00,41.72
10/22/2012 16:00:00,42.22
10/23/2012 16:00:00,42.85
10/24/2012 16:00:00,44.08
10/25/2012 16:00:00,45.3
10/26/2012 16:00:00,44.27
10/31/2012 16:00:00,44.52
11/1/2012 16:00:00,45.46
11/2/2012 16:00:00,44.9
11/5/2012 16:00:00,44.6
11/6/2012 16:00:00,45.28
11/7/2012 16:00:00,44.32
11/8/2012 16:00:00,44.11
11/9/2012 16:00:00,44.34
11/12/2012 16:00:00,44.59
11/13/2012 16:00:00,44.27
11/14/2012 16:00:00,44.23
11/15/2012 16:00:00,44.04
11/16/2012 16:00:00,43.67
11/19/2012 16:00:00,44.86
11/20/2012 16:00:00,45.22
11/21/2012 16:00:00,45.5
11/23/2012 16:00:00,46.01
11/26/2012 16:00:00,46.13
11/27/2012 16:00:00,45.51
11/28/2012 16:00:00,45.82
11/29/2012 16:00:00,45.59
11/30/2012 16:00:00,46.17
12/3/2012 16:00:00,45.84
12/4/2012 16:00:00,45.16
12/5/2012 16:00:00,44.71
12/6/2012 16:00:00,45.04
12/7/2012 16:00:00,46.33
12/10/2012 16:00:00,46.37
12/11/2012 16:00:00,46.73
12/12/2012 16:00:00,46.41
12/13/2012 16:00:00,46.53
12/14/2012 16:00:00,46.74
12/17/2012 16:00:00,46.43
12/18/2012 16:00:00,47.13
12/19/2012 16:00:00,47.72
12/20/2012 16:00:00,48.03
12/21/2012 16:00:00,47.55
12/24/2012 16:00:00,47.52
12/26/2012 16:00:00,47.43
12/27/2012 16:00:00,47.26
12/28/2012 16:00:00,47.07
12/31/2012 16:00:00,47.64
1/2/2013 16:00:00,49.24
1/3/2013 16:00:00,47.18
1/4/2013 16:00:00,46.84
1/7/2013 16:00:00,47.2
1/8/2013 16:00:00,48.22
1/9/2013 16:00:00,48.89
1/10/2013 16:00:00,49.29
1/11/2013 16:00:00,48.46
1/14/2013 16:00:00,48.15
1/15/2013 16:00:00,48.29
1/16/2013 16:00:00,49.18
1/17/2013 16:00:00,49.17
1/18/2013 16:00:00,48.12
1/22/2013 16:00:00,47.97
1/23/2013 16:00:00,48.66
1/24/2013 16:00:00,49.01
1/25/2013 16:00:00,49.34
1/28/2013 16:00:00,49.34
1/29/2013 16:00:00,48.76
1/30/2013 16:00:00,48.54
1/31/2013 16:00:00,50
2/1/2013 16:00:00,50.98
2/4/2013 16:00:00,50.23
2/5/2013 16:00:00,50.81
2/6/2013 16:00:00,51.05
2/7/2013 16:00:00,50.79
2/8/2013 16:00:00,51.66
2/11/2013 16:00:00,51.07
2/12/2013 16:00:00,51.77
2/13/2013 16:00:00,51.43
2/14/2013 16:00:00,51.27
2/15/2013 16:00:00,51.36
2/19/2013 16:00:00,51.88
2/20/2013 16:00:00,51.65
2/21/2013 16:00:00,51.01
2/22/2013 16:00:00,52.23
2/25/2013 16:00:00,51.94
2/26/2013 16:00:00,52.04
2/27/2013 16:00:00,52.72
2/28/2013 16:00:00,52.51
3/1/2013 16:00:00,51.84
3/4/2013 16:00:00,51.6
3/5/2013 16:00:00,51.75
3/6/2013 16:00:00,51.74
3/7/2013 16:00:00,51.25
3/8/2013 16:00:00,51.23
3/11/2013 16:00:00,50.93
3/12/2013 16:00:00,50.91
3/13/2013 16:00:00,50.87
3/14/2013 16:00:00,50.43
3/15/2013 16:00:00,50.1
3/18/2013 16:00:00,49.57
3/19/2013 16:00:00,49.11
3/20/2013 16:00:00,49.66
3/21/2013 16:00:00,49.45
3/22/2013 16:00:00,48.89
3/25/2013 16:00:00,47.17
3/26/2013 16:00:00,46.5
3/27/2013 16:00:00,47.24
3/28/2013 16:00:00,46.99
4/1/2013 16:00:00,46.22
4/2/2013 16:00:00,45.7
4/3/2013 16:00:00,45.26
4/4/2013 16:00:00,45.63
4/5/2013 16:00:00,46.26
4/8/2013 16:00:00,46.22
4/9/2013 16:00:00,47.49
4/10/2013 16:00:00,47.56
4/11/2013 16:00:00,47.29
4/12/2013 16:00:00,46.55
4/15/2013 16:00:00,45.74
4/16/2013 16:00:00,45.95
4/17/2013 16:00:00,45.5
4/18/2013 16:00:00,45.41
4/19/2013 16:00:00,45.29
4/22/2013 16:00:00,45.59
4/23/2013 16:00:00,45.2
4/24/2013 16:00:00,44.82
4/25/2013 16:00:00,45.17
4/26/2013 16:00:00,45.1
4/29/2013 16:00:00,45.61
4/30/2013 16:00:00,46.62
5/1/2013 16:00:00,46.55
5/2/2013 16:00:00,46.88
5/3/2013 16:00:00,47.28
5/6/2013 16:00:00,47.5
5/7/2013 16:00:00,47.62
5/8/2013 16:00:00,47.88
5/9/2013 16:00:00,47.97
5/10/2013 16:00:00,48.4
5/13/2013 16:00:00,47.97
5/14/2013 16:00:00,49.24
5/15/2013 16:00:00,49.08
5/16/2013 16:00:00,49.39
5/17/2013 16:00:00,50.38
5/20/2013 16:00:00,50.79
5/21/2013 16:00:00,51.43
5/22/2013 16:00:00,50.67
5/23/2013 16:00:00,49.9
5/24/2013 16:00:00,49.26
5/28/2013 16:00:00,49.4
5/29/2013 16:00:00,49.92
5/30/2013 16:00:00,50.93
5/31/2013 16:00:00,50.08
6/3/2013 16:00:00,49.79
6/4/2013 16:00:00,48.99
6/5/2013 16:00:00,49.13
6/6/2013 16:00:00,49.12
6/7/2013 16:00:00,50.91
6/10/2013 16:00:00,50.51
6/11/2013 16:00:00,49.32
6/12/2013 16:00:00,49.16
6/13/2013 16:00:00,48.69
6/14/2013 16:00:00,48.48
6/17/2013 16:00:00,49.53
6/18/2013 16:00:00,49.78
6/19/2013 16:00:00,49.23
6/20/2013 16:00:00,49.05
6/21/2013 16:00:00,49.19
6/24/2013 16:00:00,49.3
6/25/2013 16:00:00,49.5
6/26/2013 16:00:00,50.68
6/27/2013 16:00:00,50.56
6/28/2013 16:00:00,49.68
7/1/2013 16:00:00,50.27
7/2/2013 16:00:00,49.78
7/3/2013 16:00:00,50.01
7/5/2013 16:00:00,51.45
7/8/2013 16:00:00,50.9
7/9/2013 16:00:00,51.83
7/10/2013 16:00:00,52.52
7/11/2013 16:00:00,54.15
7/12/2013 16:00:00,54.15
7/15/2013 16:00:00,53.76
7/16/2013 16:00:00,53.51
7/17/2013 16:00:00,53.5
7/18/2013 16:00:00,56.4
7/19/2013 16:00:00,56.44
7/22/2013 16:00:00,55.12
7/23/2013 16:00:00,53.83
7/24/2013 16:00:00,55.15
7/25/2013 16:00:00,55.86
7/26/2013 16:00:00,56.48
7/29/2013 16:00:00,56.66
7/30/2013 16:00:00,56.44
7/31/2013 16:00:00,56.32
8/1/2013 16:00:00,57.52
8/2/2013 16:00:00,58.64
8/5/2013 16:00:00,59.19
8/6/2013 16:00:00,58.89
8/7/2013 16:00:00,57.9
8/8/2013 16:00:00,58.52
8/9/2013 16:00:00,58.65
8/12/2013 16:00:00,58.87
8/13/2013 16:00:00,58.78
8/14/2013 16:00:00,57.72
8/15/2013 16:00:00,56.84
8/16/2013 16:00:00,56.53
8/19/2013 16:00:00,56.45
8/20/2013 16:00:00,56.7
8/21/2013 16:00:00,56.36
8/22/2013 16:00:00,57.26
8/23/2013 16:00:00,57.72
8/26/2013 16:00:00,56.89
8/27/2013 16:00:00,55.5
8/28/2013 16:00:00,55.92
8/29/2013 16:00:00,56.42
8/30/2013 16:00:00,56.07
9/3/2013 16:00:00,56.33
9/4/2013 16:00:00,56.64
9/5/2013 16:00:00,56.88
9/6/2013 16:00:00,56.3
9/9/2013 16:00:00,56.89
9/10/2013 16:00:00,58.45
9/11/2013 16:00:00,58.37
9/12/2013 16:00:00,57.78
9/13/2013 16:00:00,57.98
9/16/2013 16:00:00,58.21
9/17/2013 16:00:00,58.54
9/18/2013 16:00:00,58.05
9/19/2013 16:00:00,57.67
9/20/2013 16:00:00,58.56
9/23/2013 16:00:00,57.74
9/24/2013 16:00:00,57
9/25/2013 16:00:00,56.44
9/26/2013 16:00:00,56.71
9/27/2013 16:00:00,56.49
9/30/2013 16:00:00,56.56
10/1/2013 16:00:00,57.31
10/2/2013 16:00:00,57.34
10/3/2013 16:00:00,56.78
10/4/2013 16:00:00,57.62
10/7/2013 16:00:00,56.57
10/8/2013 16:00:00,56.24
10/9/2013 16:00:00,55.7
10/10/2013 16:00:00,57.04
10/11/2013 16:00:00,59.04
10/14/2013 16:00:00,59.45
10/15/2013 16:00:00,57.79
10/16/2013 16:00:00,57.57
10/17/2013 16:00:00,57.57
10/18/2013 16:00:00,58.41
10/21/2013 16:00:00,59.67
10/22/2013 16:00:00,58.49
10/23/2013 16:00:00,58.71
10/24/2013 16:00:00,58.59
10/25/2013 16:00:00,58.52
10/28/2013 16:00:00,58.51
10/29/2013 16:00:00,58.62
10/30/2013 16:00:00,58.63
10/31/2013 16:00:00,58.02
11/1/2013 16:00:00,58.12
11/4/2013 16:00:00,58.7
11/5/2013 16:00:00,59.16
11/6/2013 16:00:00,60.11
11/7/2013 16:00:00,59.74
11/8/2013 16:00:00,59.72
11/11/2013 16:00:00,59.67
11/12/2013 16:00:00,61.27
11/13/2013 16:00:00,61.36
11/14/2013 16:00:00,62.18
11/15/2013 16:00:00,62.65
11/18/2013 16:00:00,62.44
11/19/2013 16:00:00,61.57
11/20/2013 16:00:00,60.92
11/21/2013 16:00:00,61.17
11/22/2013 16:00:00,61.43
11/25/2013 16:00:00,60.47
11/26/2013 16:00:00,60.55
11/27/2013 16:00:00,61.74
11/29/2013 16:00:00,61.86
12/2/2013 16:00:00,62.02
12/3/2013 16:00:00,62.01
12/4/2013 16:00:00,61.98
12/5/2013 16:00:00,61.31
12/6/2013 16:00:00,61
12/9/2013 16:00:00,60.93
12/10/2013 16:00:00,60.7
12/11/2013 16:00:00,59.9
12/12/2013 16:00:00,60.09
12/13/2013 16:00:00,60.59
12/16/2013 16:00:00,60.98
12/17/2013 16:00:00,61.84
12/18/2013 16:00:00,62.3
12/19/2013 16:00:00,61.56
12/20/2013 16:00:00,62.21
12/23/2013 16:00:00,62.49
12/24/2013 16:00:00,63.08
12/26/2013 16:00:00,63.65
12/27/2013 16:00:00,63.98
12/30/2013 16:00:00,64.26
12/31/2013 16:00:00,64.5
1/2/2014 16:00:00,64.38
1/3/2014 16:00:00,64.29
1/6/2014 16:00:00,63.92
1/7/2014 16:00:00,63.94
1/8/2014 16:00:00,64.57
1/9/2014 16:00:00,64.7
1/10/2014 16:00:00,65.04
1/13/2014 16:00:00,63.3
1/14/2014 16:00:00,65.11
1/15/2014 16:00:00,65.23
1/16/2014 16:00:00,64.97
1/17/2014 16:00:00,64.51
1/21/2014 16:00:00,64.51
1/22/2014 16:00:00,64.82
1/23/2014 16:00:00,65.33
1/24/2014 16:00:00,64.69
1/27/2014 16:00:00,63.54
1/28/2014 16:00:00,65.93
1/29/2014 16:00:00,65.86
1/30/2014 16:00:00,67.07
1/31/2014 16:00:00,65.43
2/3/2014 16:00:00,63.43
2/4/2014 16:00:00,63.16
2/5/2014 16:00:00,63.98
2/6/2014 16:00:00,64.22
2/7/2014 16:00:00,64.82
2/10/2014 16:00:00,64.48
2/11/2014 16:00:00,65.01
2/12/2014 16:00:00,65.18
2/13/2014 16:00:00,65.71
2/14/2014 16:00:00,66.95
2/18/2014 16:00:00,66.41
2/19/2014 16:00:00,66.87
2/20/2014 16:00:00,67.54
2/21/2014 16:00:00,67.4
2/24/2014 16:00:00,66.88
2/25/2014 16:00:00,66.98
2/26/2014 16:00:00,67.67
2/27/2014 16:00:00,68.08
2/28/2014 16:00:00,67.42
3/3/2014 16:00:00,67.25
3/4/2014 16:00:00,68.53
3/5/2014 16:00:00,68.85
3/6/2014 16:00:00,69.24
3/7/2014 16:00:00,69.06
3/10/2014 16:00:00,68.15
3/11/2014 16:00:00,67.71
3/12/2014 16:00:00,67.72
3/13/2014 16:00:00,66.39
3/14/2014 16:00:00,67.32
3/17/2014 16:00:00,69.02
3/18/2014 16:00:00,68.95
3/19/2014 16:00:00,68.26
3/20/2014 16:00:00,67.83
3/21/2014 16:00:00,66.86
3/24/2014 16:00:00,66.62
3/25/2014 16:00:00,66.42
3/26/2014 16:00:00,65.82
3/27/2014 16:00:00,66.44
3/28/2014 16:00:00,66.19
3/31/2014 16:00:00,67.63
4/1/2014 16:00:00,68.17
4/2/2014 16:00:00,67.7
4/3/2014 16:00:00,67.04
4/4/2014 16:00:00,65.71
4/7/2014 16:00:00,66.07
4/8/2014 16:00:00,67.51
4/9/2014 16:00:00,67.87
4/10/2014 16:00:00,66.14
4/11/2014 16:00:00,65.45
4/14/2014 16:00:00,65.87
4/15/2014 16:00:00,66.29
4/16/2014 16:00:00,66.37
4/17/2014 16:00:00,66.96
4/21/2014 16:00:00,67.94
4/22/2014 16:00:00,68.3
4/23/2014 16:00:00,67.6
4/24/2014 16:00:00,67.29
4/25/2014 16:00:00,65.75
4/28/2014 16:00:00,65.87
4/29/2014 16:00:00,63.11
4/30/2014 16:00:00,64.06
5/1/2014 16:00:00,64.18
5/2/2014 16:00:00,63.2
5/5/2014 16:00:00,63.68
5/6/2014 16:00:00,63.78
5/7/2014 16:00:00,63.45
5/8/2014 16:00:00,64.03
5/9/2014 16:00:00,64.24
5/12/2014 16:00:00,65.58
5/13/2014 16:00:00,65.28
5/14/2014 16:00:00,65.07
5/15/2014 16:00:00,64.2
5/16/2014 16:00:00,63.61
5/19/2014 16:00:00,64.12
5/20/2014 16:00:00,64.2
5/21/2014 16:00:00,64.72
5/22/2014 16:00:00,65.44
5/23/2014 16:00:00,65.51
5/27/2014 16:00:00,66.03
5/28/2014 16:00:00,65.42
5/29/2014 16:00:00,65.07
5/30/2014 16:00:00,64.48
6/2/2014 16:00:00,64.49
6/3/2014 16:00:00,64.25
6/4/2014 16:00:00,64.44
6/5/2014 16:00:00,65.18
6/6/2014 16:00:00,65.83
6/9/2014 16:00:00,65.59
6/10/2014 16:00:00,65.39
6/11/2014 16:00:00,65.31
6/12/2014 16:00:00,65.4
6/13/2014 16:00:00,65.82
6/16/2014 16:00:00,66.28
6/17/2014 16:00:00,66.83
6/18/2014 16:00:00,67.74
6/19/2014 16:00:00,68.01
6/20/2014 16:00:00,67.53
6/23/2014 16:00:00,67.02
6/24/2014 16:00:00,66.55
6/25/2014 16:00:00,66.76
6/26/2014 16:00:00,66.15
6/27/2014 16:00:00,66.87
6/30/2014 16:00:00,67.03
7/1/2014 16:00:00,67.29
7/2/2014 16:00:00,67
7/3/2014 16:00:00,67.24
7/7/2014 16:00:00,65.89
7/8/2014 16:00:00,65.34
7/9/2014 16:00:00,65.41
7/10/2014 16:00:00,64.81
7/11/2014 16:00:00,64.07
7/14/2014 16:00:00,64.83
7/15/2014 16:00:00,64.72
7/16/2014 16:00:00,64.18
7/17/2014 16:00:00,63.91
7/18/2014 16:00:00,64.52
7/21/2014 16:00:00,64.22
7/22/2014 16:00:00,64.77
7/23/2014 16:00:00,66.15
7/24/2014 16:00:00,67.5
7/25/2014 16:00:00,68.48
7/28/2014 16:00:00,68.23
7/29/2014 16:00:00,68.26
7/30/2014 16:00:00,68.58
7/31/2014 16:00:00,67.87
8/1/2014 16:00:00,66.59
8/4/2014 16:00:00,66.96
8/5/2014 16:00:00,66.48
8/6/2014 16:00:00,66.13
8/7/2014 16:00:00,65.45
8/8/2014 16:00:00,65.8
8/11/2014 16:00:00,66.46
8/12/2014 16:00:00,66.44
8/13/2014 16:00:00,66.66
8/14/2014 16:00:00,66.8
8/15/2014 16:00:00,67.04
8/18/2014 16:00:00,67.37
8/19/2014 16:00:00,67.52
8/20/2014 16:00:00,67.95
8/21/2014 16:00:00,68.27
8/22/2014 16:00:00,68.15
8/25/2014 16:00:00,68.96
8/26/2014 16:00:00,69.7
8/27/2014 16:00:00,70.34
8/28/2014 16:00:00,70.15
8/29/2014 16:00:00,71.02
9/2/2014 16:00:00,70.98
9/3/2014 16:00:00,71.01
9/4/2014 16:00:00,71.51
9/5/2014 16:00:00,71.99
9/8/2014 16:00:00,71.88
9/9/2014 16:00:00,71.24
9/10/2014 16:00:00,71.26
9/11/2014 16:00:00,71.06
9/12/2014 16:00:00,71.8
9/15/2014 16:00:00,70.35
9/16/2014 16:00:00,70
9/17/2014 16:00:00,70.97
9/18/2014 16:00:00,70.77
9/19/2014 16:00:00,70.4
9/22/2014 16:00:00,69.79
9/23/2014 16:00:00,69.43
9/24/2014 16:00:00,70.53
9/25/2014 16:00:00,69.49
9/26/2014 16:00:00,69.76
9/29/2014 16:00:00,69.26
9/30/2014 16:00:00,69.24
10/1/2014 16:00:00,67.94
10/2/2014 16:00:00,68.66
10/3/2014 16:00:00,70
10/6/2014 16:00:00,69.81
10/7/2014 16:00:00,69.4
10/8/2014 16:00:00,70.26
10/9/2014 16:00:00,68.79
10/10/2014 16:00:00,66.27
10/13/2014 16:00:00,66.4
10/14/2014 16:00:00,66.49
10/15/2014 16:00:00,67.03
10/16/2014 16:00:00,67
10/17/2014 16:00:00,68.02
10/20/2014 16:00:00,68.35
10/21/2014 16:00:00,68.63
10/22/2014 16:00:00,67.38
10/23/2014 16:00:00,71
10/24/2014 16:00:00,72.7
10/27/2014 16:00:00,72.84
10/28/2014 16:00:00,73.47
10/29/2014 16:00:00,73.59
10/30/2014 16:00:00,73.91
10/31/2014 16:00:00,74.25
11/3/2014 16:00:00,73.7
11/4/2014 16:00:00,73.84
11/5/2014 16:00:00,73.89
11/6/2014 16:00:00,74.51
11/7/2014 16:00:00,74.67
11/10/2014 16:00:00,74.73
11/11/2014 16:00:00,74.85
11/12/2014 16:00:00,75.8
11/13/2014 16:00:00,76.64
11/14/2014 16:00:00,76.39
11/17/2014 16:00:00,76.67
11/18/2014 16:00:00,76.53
11/19/2014 16:00:00,76.21
11/20/2014 16:00:00,76.03
11/21/2014 16:00:00,76.72
11/24/2014 16:00:00,76.74
11/25/2014 16:00:00,76.82
11/26/2014 16:00:00,76.81
11/28/2014 16:00:00,77.31
12/1/2014 16:00:00,76.59
12/2/2014 16:00:00,76.62
12/3/2014 16:00:00,76.86
12/4/2014 16:00:00,76.93
12/5/2014 16:00:00,77.41
12/8/2014 16:00:00,77.54
12/9/2014 16:00:00,77.47
12/10/2014 16:00:00,77.24
12/11/2014 16:00:00,77.75
12/12/2014 16:00:00,76.68
12/15/2014 16:00:00,76.59
12/16/2014 16:00:00,75.37
12/17/2014 16:00:00,77.11
12/18/2014 16:00:00,78.29
12/19/2014 16:00:00,78.33
12/22/2014 16:00:00,79.8
12/23/2014 16:00:00,79.93
12/24/2014 16:00:00,80.44
12/26/2014 16:00:00,80.06
12/29/2014 16:00:00,79.61
12/30/2014 16:00:00,79.11
12/31/2014 16:00:00,78.57
1/2/2015 16:00:00,78.46
1/5/2015 16:00:00,78.01
1/6/2015 16:00:00,77.95
1/7/2015 16:00:00,78.59
1/8/2015 16:00:00,80.53
1/9/2015 16:00:00,80.58
1/12/2015 16:00:00,80.68
1/13/2015 16:00:00,79.47
1/14/2015 16:00:00,79.66
1/15/2015 16:00:00,79
1/16/2015 16:00:00,80.81
1/20/2015 16:00:00,80.19
1/21/2015 16:00:00,80.67
1/22/2015 16:00:00,79.99
1/23/2015 16:00:00,80.06
1/26/2015 16:00:00,80.03
1/27/2015 16:00:00,79.19
1/28/2015 16:00:00,77.08
1/29/2015 16:00:00,78.5
1/30/2015 16:00:00,77.17
2/2/2015 16:00:00,76.5
2/3/2015 16:00:00,77.41
2/4/2015 16:00:00,76.84
2/5/2015 16:00:00,77.24
2/6/2015 16:00:00,76.72
2/9/2015 16:00:00,76.17
2/10/2015 16:00:00,76.96
2/11/2015 16:00:00,77.18
2/12/2015 16:00:00,78.2
2/13/2015 16:00:00,80.33
2/17/2015 16:00:00,80.74
2/18/2015 16:00:00,81.29
2/19/2015 16:00:00,82.1
2/20/2015 16:00:00,82.48
2/23/2015 16:00:00,82.39
2/24/2015 16:00:00,82.84
2/25/2015 16:00:00,83.38
2/26/2015 16:00:00,83.91
2/27/2015 16:00:00,83.49
3/2/2015 16:00:00,84.35
3/3/2015 16:00:00,83.22
3/4/2015 16:00:00,82.47
3/5/2015 16:00:00,83.15
3/6/2015 16:00:00,82
3/9/2015 16:00:00,82.43
3/10/2015 16:00:00,82.03
3/11/2015 16:00:00,81.63
3/12/2015 16:00:00,81.46
3/13/2015 16:00:00,81.22
3/16/2015 16:00:00,83.09
3/17/2015 16:00:00,83.46
3/18/2015 16:00:00,84.6
3/19/2015 16:00:00,84.96
3/20/2015 16:00:00,85.12
3/23/2015 16:00:00,84.69
3/24/2015 16:00:00,83.78
3/25/2015 16:00:00,81.38
3/26/2015 16:00:00,82.19
3/27/2015 16:00:00,82.37
3/30/2015 16:00:00,83.48
3/31/2015 16:00:00,81.97
4/1/2015 16:00:00,81.87
4/2/2015 16:00:00,82.49
4/6/2015 16:00:00,82.84
4/7/2015 16:00:00,83.99
4/8/2015 16:00:00,85.22
4/9/2015 16:00:00,85.14
4/10/2015 16:00:00,84.93
4/13/2015 16:00:00,82.91
4/14/2015 16:00:00,83.77
4/15/2015 16:00:00,84.62
4/16/2015 16:00:00,84.76
4/17/2015 16:00:00,81.75
4/20/2015 16:00:00,85.88
4/21/2015 16:00:00,86.69
4/22/2015 16:00:00,87.17
4/23/2015 16:00:00,87.12
4/24/2015 16:00:00,87.55
4/27/2015 16:00:00,87.38
4/28/2015 16:00:00,87.32
4/29/2015 16:00:00,85.72
4/30/2015 16:00:00,83.48
5/1/2015 16:00:00,83.95
5/4/2015 16:00:00,83.99
5/5/2015 16:00:00,84.11
5/6/2015 16:00:00,84.54
5/7/2015 16:00:00,85.01
5/8/2015 16:00:00,85.7
5/11/2015 16:00:00,86.25
5/12/2015 16:00:00,86.01
5/13/2015 16:00:00,86.9
5/14/2015 16:00:00,88.03
5/15/2015 16:00:00,86.86
5/18/2015 16:00:00,86.71
5/19/2015 16:00:00,86.83
5/20/2015 16:00:00,87.36
5/21/2015 16:00:00,86.7
5/22/2015 16:00:00,87.22
5/26/2015 16:00:00,85.78
5/27/2015 16:00:00,83.84
5/28/2015 16:00:00,85.19
5/29/2015 16:00:00,84.72
6/1/2015 16:00:00,84.68
6/2/2015 16:00:00,83.63
6/3/2015 16:00:00,83.7
6/4/2015 16:00:00,83.66
6/5/2015 16:00:00,83.79
6/8/2015 16:00:00,83.21
6/9/2015 16:00:00,83.59
6/10/2015 16:00:00,84.77
6/11/2015 16:00:00,84.78
6/12/2015 16:00:00,83.71
6/15/2015 16:00:00,82.82
6/16/2015 16:00:00,83.49
6/17/2015 16:00:00,83.96
6/18/2015 16:00:00,84.7
6/19/2015 16:00:00,83.73
6/22/2015 16:00:00,83.94
6/23/2015 16:00:00,83.16
6/24/2015 16:00:00,81.54
6/25/2015 16:00:00,80.73
6/26/2015 16:00:00,79.66
6/29/2015 16:00:00,78.22
6/30/2015 16:00:00,79.55
7/1/2015 16:00:00,80.21
7/2/2015 16:00:00,80.31
7/6/2015 16:00:00,79.79
7/7/2015 16:00:00,79.36
7/8/2015 16:00:00,78.7
7/9/2015 16:00:00,80.66
7/10/2015 16:00:00,80.9
7/13/2015 16:00:00,79.94
7/14/2015 16:00:00,80.12
7/15/2015 16:00:00,80.03
7/16/2015 16:00:00,78.65
7/17/2015 16:00:00,78
7/20/2015 16:00:00,77.02
7/21/2015 16:00:00,78.74
7/22/2015 16:00:00,84.23
7/23/2015 16:00:00,84.1
7/24/2015 16:00:00,83.55
7/27/2015 16:00:00,82.22
7/28/2015 16:00:00,82.69
7/29/2015 16:00:00,81.35
7/30/2015 16:00:00,80.08
7/31/2015 16:00:00,80.77
8/3/2015 16:00:00,79.82
8/4/2015 16:00:00,81.63
8/5/2015 16:00:00,82.18
8/6/2015 16:00:00,81.25
8/7/2015 16:00:00,80.86
8/10/2015 16:00:00,82.59
8/11/2015 16:00:00,81.29
8/12/2015 16:00:00,80.78
8/13/2015 16:00:00,80.49
8/14/2015 16:00:00,80.82
8/17/2015 16:00:00,82.21
8/18/2015 16:00:00,82.54
8/19/2015 16:00:00,81.14
8/20/2015 16:00:00,79.89
8/21/2015 16:00:00,76.9
8/24/2015 16:00:00,74.79
8/25/2015 16:00:00,77.6
8/26/2015 16:00:00,79.52
8/27/2015 16:00:00,79.61
8/28/2015 16:00:00,78.86
8/31/2015 16:00:00,78.01
9/1/2015 16:00:00,77.24
9/2/2015 16:00:00,78.35
9/3/2015 16:00:00,78.09
9/4/2015 16:00:00,77.61
9/8/2015 16:00:00,78.29
9/9/2015 16:00:00,77.73
9/10/2015 16:00:00,78.73
9/11/2015 16:00:00,79.18
9/14/2015 16:00:00,78.66
9/15/2015 16:00:00,79.51
9/16/2015 16:00:00,79.54
9/17/2015 16:00:00,79.57
9/18/2015 16:00:00,79.9
9/21/2015 16:00:00,80.59
9/22/2015 16:00:00,80.05
9/23/2015 16:00:00,80.09
9/24/2015 16:00:00,79.37
9/25/2015 16:00:00,79.64
9/28/2015 16:00:00,78.51
9/29/2015 16:00:00,78.81
9/30/2015 16:00:00,79.33
10/1/2015 16:00:00,79.95
10/2/2015 16:00:00,80.52
10/5/2015 16:00:00,82.36
10/6/2015 16:00:00,80.37
10/7/2015 16:00:00,79.99
10/8/2015 16:00:00,79.69
10/9/2015 16:00:00,79.48
10/12/2015 16:00:00,80.15
10/13/2015 16:00:00,79.03
10/14/2015 16:00:00,78.55
10/15/2015 16:00:00,79.72
10/16/2015 16:00:00,80.9
10/19/2015 16:00:00,80.59
10/20/2015 16:00:00,81.31
10/21/2015 16:00:00,80.18
10/22/2015 16:00:00,82.04
10/23/2015 16:00:00,80.43
10/26/2015 16:00:00,80.98
10/27/2015 16:00:00,83.02
10/28/2015 16:00:00,84.81
10/29/2015 16:00:00,84.68
10/30/2015 16:00:00,84.94
11/2/2015 16:00:00,84.37
11/3/2015 16:00:00,84.39
11/4/2015 16:00:00,83.8
11/5/2015 16:00:00,81.8
11/6/2015 16:00:00,83.67
11/9/2015 16:00:00,81.76
11/10/2015 16:00:00,82.53
11/11/2015 16:00:00,82.11
11/12/2015 16:00:00,82.34
11/13/2015 16:00:00,80.83
11/16/2015 16:00:00,81.43
11/17/2015 16:00:00,82.59
11/18/2015 16:00:00,81.43
11/19/2015 16:00:00,83.6
11/20/2015 16:00:00,84.45
11/23/2015 16:00:00,84.4
11/24/2015 16:00:00,84.31
11/25/2015 16:00:00,85.86
11/27/2015 16:00:00,86.42
11/30/2015 16:00:00,87.29
12/1/2015 16:00:00,86.5
12/2/2015 16:00:00,86.93
12/3/2015 16:00:00,84.7
12/4/2015 16:00:00,86.91
12/7/2015 16:00:00,86.45
12/8/2015 16:00:00,86.63
12/9/2015 16:00:00,85.29
12/10/2015 16:00:00,84.8
12/11/2015 16:00:00,84.31
12/14/2015 16:00:00,85.24
12/15/2015 16:00:00,86.97
12/16/2015 16:00:00,86.51
12/17/2015 16:00:00,82.68
12/18/2015 16:00:00,80.62
12/21/2015 16:00:00,81.71
12/22/2015 16:00:00,82.66
12/23/2015 16:00:00,82.35
12/24/2015 16:00:00,82.6
12/28/2015 16:00:00,82.54
12/29/2015 16:00:00,83.66
12/30/2015 16:00:00,82.36
12/31/2015 16:00:00,81.38
1/4/2016 16:00:00,79.48
1/5/2016 16:00:00,79.08
1/6/2016 16:00:00,77.78
1/7/2016 16:00:00,77.51
1/8/2016 16:00:00,76.71
1/11/2016 16:00:00,76.99
1/12/2016 16:00:00,78.75
1/13/2016 16:00:00,76.95
1/14/2016 16:00:00,77.63
1/15/2016 16:00:00,75.95
1/19/2016 16:00:00,75.92
1/20/2016 16:00:00,74.55
1/21/2016 16:00:00,72.76
1/22/2016 16:00:00,75.43
1/25/2016 16:00:00,75.45
1/26/2016 16:00:00,76.05
1/27/2016 16:00:00,75.2
1/28/2016 16:00:00,76.84
1/29/2016 16:00:00,78.81
2/1/2016 16:00:00,80.63
2/2/2016 16:00:00,78.58
2/3/2016 16:00:00,79.77
2/4/2016 16:00:00,79.69
2/5/2016 16:00:00,78.02
2/8/2016 16:00:00,76.91
2/9/2016 16:00:00,76.69
2/10/2016 16:00:00,77.33
2/11/2016 16:00:00,77.91
2/12/2016 16:00:00,78.67
2/16/2016 16:00:00,80.4
2/17/2016 16:00:00,81.39
2/18/2016 16:00:00,81.46
2/19/2016 16:00:00,81.61
2/22/2016 16:00:00,82.31
2/23/2016 16:00:00,82
2/24/2016 16:00:00,82.8
2/25/2016 16:00:00,83.62
2/26/2016 16:00:00,82.68
2/29/2016 16:00:00,83.07
3/1/2016 16:00:00,84.69
3/2/2016 16:00:00,83.98
3/3/2016 16:00:00,85.19
3/4/2016 16:00:00,84.35
3/7/2016 16:00:00,83.4
3/8/2016 16:00:00,83.1
3/9/2016 16:00:00,83.78
3/10/2016 16:00:00,82.9
3/11/2016 16:00:00,83
3/14/2016 16:00:00,82.26
3/15/2016 16:00:00,82.42
3/16/2016 16:00:00,82.9
3/17/2016 16:00:00,82.54
3/18/2016 16:00:00,82.98
3/21/2016 16:00:00,83.25
3/22/2016 16:00:00,83.35
3/23/2016 16:00:00,83.19
3/24/2016 16:00:00,82.83
3/28/2016 16:00:00,83.14
3/29/2016 16:00:00,83.83
3/30/2016 16:00:00,86.34
3/31/2016 16:00:00,87.47
4/1/2016 16:00:00,86.77
4/4/2016 16:00:00,85.71
4/5/2016 16:00:00,84.77
4/6/2016 16:00:00,86.29
4/7/2016 16:00:00,85.64
4/8/2016 16:00:00,85.14
4/11/2016 16:00:00,84.91
4/12/2016 16:00:00,85.52
4/13/2016 16:00:00,88.07
4/14/2016 16:00:00,88.33
4/15/2016 16:00:00,88.4
4/18/2016 16:00:00,89.66
4/19/2016 16:00:00,88.88
4/20/2016 16:00:00,86.06
4/21/2016 16:00:00,84.22
4/22/2016 16:00:00,82.93
4/25/2016 16:00:00,84.34
4/26/2016 16:00:00,83.83
4/27/2016 16:00:00,83.5
4/28/2016 16:00:00,82.6
4/29/2016 16:00:00,82.87
5/2/2016 16:00:00,82.79
5/3/2016 16:00:00,82.16
5/4/2016 16:00:00,82.01
5/5/2016 16:00:00,81.85
5/6/2016 16:00:00,81.89
5/9/2016 16:00:00,82.48
5/10/2016 16:00:00,82.5
5/11/2016 16:00:00,81.21
5/12/2016 16:00:00,81.62
5/13/2016 16:00:00,82.42
5/16/2016 16:00:00,82.99
5/17/2016 16:00:00,82.52
5/18/2016 16:00:00,83.21
5/19/2016 16:00:00,82.37
5/20/2016 16:00:00,83.45
5/23/2016 16:00:00,83.4
5/24/2016 16:00:00,86.06
5/25/2016 16:00:00,85.93
5/26/2016 16:00:00,85.81
5/27/2016 16:00:00,83.6
5/31/2016 16:00:00,84.97
6/1/2016 16:00:00,84.8
6/2/2016 16:00:00,85.77
6/3/2016 16:00:00,84.97
6/6/2016 16:00:00,85.3
6/7/2016 16:00:00,84.77
6/8/2016 16:00:00,85.59
6/9/2016 16:00:00,85.2
6/10/2016 16:00:00,84.4
6/13/2016 16:00:00,84.4
6/14/2016 16:00:00,84.33
6/15/2016 16:00:00,84.28
6/16/2016 16:00:00,81.7
6/17/2016 16:00:00,81.15
6/20/2016 16:00:00,81.24
6/21/2016 16:00:00,81.52
6/22/2016 16:00:00,80.98
6/23/2016 16:00:00,81.98
6/24/2016 16:00:00,78.17
6/27/2016 16:00:00,77.07
6/28/2016 16:00:00,77.4
6/29/2016 16:00:00,77.99
6/30/2016 16:00:00,79.68
7/1/2016 16:00:00,79.62
7/5/2016 16:00:00,79.74
7/6/2016 16:00:00,81.63
7/7/2016 16:00:00,81.86
7/8/2016 16:00:00,83.15
7/11/2016 16:00:00,82.48
7/12/2016 16:00:00,81.45
7/13/2016 16:00:00,81.92
7/14/2016 16:00:00,81.67
7/15/2016 16:00:00,81.16
7/18/2016 16:00:00,81.97
7/19/2016 16:00:00,81.19
7/20/2016 16:00:00,82.26
7/21/2016 16:00:00,81.35
7/22/2016 16:00:00,81.73
7/25/2016 16:00:00,83.64
7/26/2016 16:00:00,80.53
7/27/2016 16:00:00,78.1
7/28/2016 16:00:00,77.91
7/29/2016 16:00:00,76.88
8/1/2016 16:00:00,76.09
8/2/2016 16:00:00,75.05
8/3/2016 16:00:00,75.6
8/4/2016 16:00:00,75.89
8/5/2016 16:00:00,75.88
8/8/2016 16:00:00,75.1
8/9/2016 16:00:00,74.91
8/10/2016 16:00:00,74.6
8/11/2016 16:00:00,75.18
8/12/2016 16:00:00,74.83
8/15/2016 16:00:00,75.32
8/16/2016 16:00:00,75.12
8/17/2016 16:00:00,74.82
8/18/2016 16:00:00,75.91
8/19/2016 16:00:00,75.97
8/22/2016 16:00:00,75.4
8/23/2016 16:00:00,76.19
8/24/2016 16:00:00,76.05
8/25/2016 16:00:00,75.94
8/26/2016 16:00:00,77.33
8/29/2016 16:00:00,76.22
8/30/2016 16:00:00,76.02
8/31/2016 16:00:00,76.74
9/1/2016 16:00:00,76.96
9/2/2016 16:00:00,77.98
9/6/2016 16:00:00,77.75
9/7/2016 16:00:00,77.64
9/8/2016 16:00:00,76.68
9/9/2016 16:00:00,76.77
9/12/2016 16:00:00,77.46
9/13/2016 16:00:00,76.76
9/14/2016 16:00:00,75.04
9/15/2016 16:00:00,75.51
9/16/2016 16:00:00,75
9/19/2016 16:00:00,75.03
9/20/2016 16:00:00,74.81
9/21/2016 16:00:00,75.89
9/22/2016 16:00:00,76.05
9/23/2016 16:00:00,75.7
9/26/2016 16:00:00,74.96
9/27/2016 16:00:00,76.3
9/28/2016 16:00:00,77.06
9/29/2016 16:00:00,76.73
9/30/2016 16:00:00,77.61
10/3/2016 16:00:00,77.57
10/4/2016 16:00:00,78.18
10/5/2016 16:00:00,78.69
10/6/2016 16:00:00,77.76
10/7/2016 16:00:00,78.07
10/10/2016 16:00:00,77.59
10/11/2016 16:00:00,76.63
10/12/2016 16:00:00,76.77
10/13/2016 16:00:00,76.35
10/14/2016 16:00:00,76.17
10/17/2016 16:00:00,76.2
10/18/2016 16:00:00,77.23
10/19/2016 16:00:00,77.18
10/20/2016 16:00:00,77.1
10/21/2016 16:00:00,77.67
10/24/2016 16:00:00,78.38
10/25/2016 16:00:00,78.52
10/26/2016 16:00:00,78.85
10/27/2016 16:00:00,79.05
10/28/2016 16:00:00,80.98
10/31/2016 16:00:00,84.56
11/1/2016 16:00:00,83.1
11/2/2016 16:00:00,83.33
11/3/2016 16:00:00,82.83
11/4/2016 16:00:00,82.65
11/7/2016 16:00:00,84.12
11/8/2016 16:00:00,83.4
11/9/2016 16:00:00,84.78
11/10/2016 16:00:00,85.15
11/11/2016 16:00:00,84.44
11/14/2016 16:00:00,84.07
11/15/2016 16:00:00,82.7
11/16/2016 16:00:00,83.15
11/17/2016 16:00:00,83.8
11/18/2016 16:00:00,83.41
11/21/2016 16:00:00,83.96
11/22/2016 16:00:00,83.74
11/23/2016 16:00:00,83.03
11/25/2016 16:00:00,83.23
11/28/2016 16:00:00,82.53
11/29/2016 16:00:00,81.59
11/30/2016 16:00:00,82.33
12/1/2016 16:00:00,81.31
12/2/2016 16:00:00,81.89
12/5/2016 16:00:00,83.36
12/6/2016 16:00:00,83.85
12/7/2016 16:00:00,84.59
12/8/2016 16:00:00,84.59
12/9/2016 16:00:00,85.22
12/12/2016 16:00:00,84.64
12/13/2016 16:00:00,84.58
12/14/2016 16:00:00,84.92
12/15/2016 16:00:00,85.05
12/16/2016 16:00:00,84.99
12/19/2016 16:00:00,85.38
12/20/2016 16:00:00,85.9
12/21/2016 16:00:00,85.66
12/22/2016 16:00:00,84.95
12/23/2016 16:00:00,84.89
12/27/2016 16:00:00,86.33
12/28/2016 16:00:00,85.18
12/29/2016 16:00:00,85.05
12/30/2016 16:00:00,84.46
1/3/2017 16:00:00,84.57
1/4/2017 16:00:00,84.92
1/5/2017 16:00:00,86.66
1/6/2017 16:00:00,87.24
1/9/2017 16:00:00,87.2
1/10/2017 16:00:00,88.21
1/11/2017 16:00:00,88.49
1/12/2017 16:00:00,89.19
1/13/2017 16:00:00,90.71
1/17/2017 16:00:00,90.39
1/18/2017 16:00:00,89.61
1/19/2017 16:00:00,96.34
1/20/2017 16:00:00,97.79
1/23/2017 16:00:00,97.79
1/24/2017 16:00:00,98.89
1/25/2017 16:00:00,96.63
1/26/2017 16:00:00,98.15
1/27/2017 16:00:00,99.46
1/30/2017 16:00:00,98.45
1/31/2017 16:00:00,98.77
2/1/2017 16:00:00,97.91
2/2/2017 16:00:00,98.43
2/3/2017 16:00:00,99.4
2/6/2017 16:00:00,98.96
2/7/2017 16:00:00,100.27
2/8/2017 16:00:00,99.56
2/9/2017 16:00:00,100.45
2/10/2017 16:00:00,101.19
2/13/2017 16:00:00,100.94
2/14/2017 16:00:00,100.97
2/15/2017 16:00:00,100.85
2/16/2017 16:00:00,101
2/17/2017 16:00:00,101.21
2/21/2017 16:00:00,101.11
2/22/2017 16:00:00,100.56
2/23/2017 16:00:00,99.81
2/24/2017 16:00:00,99.45
2/27/2017 16:00:00,99.22
2/28/2017 16:00:00,98.91
3/1/2017 16:00:00,99.34
3/2/2017 16:00:00,99.17
3/3/2017 16:00:00,99.36
3/6/2017 16:00:00,98.96
3/7/2017 16:00:00,98.68
3/8/2017 16:00:00,99.8
3/9/2017 16:00:00,98.8
3/10/2017 16:00:00,99.92
3/13/2017 16:00:00,100.4
3/14/2017 16:00:00,99.54
3/15/2017 16:00:00,100.73
3/16/2017 16:00:00,101.92
3/17/2017 16:00:00,101.42
3/20/2017 16:00:00,101.69
3/21/2017 16:00:00,101.11
3/22/2017 16:00:00,102.84
3/23/2017 16:00:00,103.4
3/24/2017 16:00:00,103.38
3/27/2017 16:00:00,103.71
3/28/2017 16:00:00,103.79
3/29/2017 16:00:00,103.42
3/30/2017 16:00:00,103.12
3/31/2017 16:00:00,102.66
4/3/2017 16:00:00,103.21
4/4/2017 16:00:00,102.8
4/5/2017 16:00:00,102.87
4/6/2017 16:00:00,102.6
4/7/2017 16:00:00,103.16
4/10/2017 16:00:00,103.3
4/11/2017 16:00:00,103.36
4/12/2017 16:00:00,104
4/13/2017 16:00:00,103.53
4/17/2017 16:00:00,103.1
4/18/2017 16:00:00,102.47
4/19/2017 16:00:00,102.82
4/20/2017 16:00:00,102.64
4/21/2017 16:00:00,103.41
4/24/2017 16:00:00,104.38
4/25/2017 16:00:00,105.36
4/26/2017 16:00:00,104.22
4/27/2017 16:00:00,104.39
4/28/2017 16:00:00,104.01
5/1/2017 16:00:00,103.81
5/2/2017 16:00:00,104.44
5/3/2017 16:00:00,104.38
5/4/2017 16:00:00,106.25
5/5/2017 16:00:00,106
5/8/2017 16:00:00,106.32
5/9/2017 16:00:00,106.04
5/10/2017 16:00:00,106.05
5/11/2017 16:00:00,105.72
5/12/2017 16:00:00,107.6
5/15/2017 16:00:00,110.36
5/16/2017 16:00:00,110.47
5/17/2017 16:00:00,108.38
5/18/2017 16:00:00,108.69
5/19/2017 16:00:00,108.43
5/22/2017 16:00:00,109.57
5/23/2017 16:00:00,109.62
5/24/2017 16:00:00,109.95
5/25/2017 16:00:00,111.4
5/26/2017 16:00:00,111.21
5/30/2017 16:00:00,111.42
5/31/2017 16:00:00,112.05
6/1/2017 16:00:00,111.59
6/2/2017 16:00:00,112.86
6/5/2017 16:00:00,113.47
6/6/2017 16:00:00,113.71
6/7/2017 16:00:00,114.95
6/8/2017 16:00:00,115.47
6/9/2017 16:00:00,110.8
6/12/2017 16:00:00,109.66
6/13/2017 16:00:00,111.06
6/14/2017 16:00:00,111.09
6/15/2017 16:00:00,110.18
6/16/2017 16:00:00,110
6/19/2017 16:00:00,111.77
6/20/2017 16:00:00,111.17
6/21/2017 16:00:00,112.57
6/22/2017 16:00:00,113.51
6/23/2017 16:00:00,113.95
6/26/2017 16:00:00,112.57
6/27/2017 16:00:00,111.22
6/28/2017 16:00:00,112.4
6/29/2017 16:00:00,109.59
6/30/2017 16:00:00,109.08
7/3/2017 16:00:00,108.1
7/5/2017 16:00:00,110.34
7/6/2017 16:00:00,109.86
7/7/2017 16:00:00,111.44
7/10/2017 16:00:00,111.85
7/11/2017 16:00:00,113.03
7/12/2017 16:00:00,114.49
7/13/2017 16:00:00,114.01
7/14/2017 16:00:00,114.08
7/17/2017 16:00:00,114.32
7/18/2017 16:00:00,114.65
7/19/2017 16:00:00,115.72
7/20/2017 16:00:00,107.41
7/21/2017 16:00:00,106.39
7/24/2017 16:00:00,106.74
7/25/2017 16:00:00,106.34
7/26/2017 16:00:00,107.57
7/27/2017 16:00:00,106.42
7/28/2017 16:00:00,106.57
7/31/2017 16:00:00,105.78
8/1/2017 16:00:00,106.99
8/2/2017 16:00:00,105.34
8/3/2017 16:00:00,106.09
8/4/2017 16:00:00,106.14
8/7/2017 16:00:00,106.83
8/8/2017 16:00:00,106.46
8/9/2017 16:00:00,107.42
8/10/2017 16:00:00,104.99
8/11/2017 16:00:00,105.94
8/14/2017 16:00:00,108.25
8/15/2017 16:00:00,107.76
8/16/2017 16:00:00,108.89
8/17/2017 16:00:00,106.82
8/18/2017 16:00:00,107.29
8/21/2017 16:00:00,107.44
8/22/2017 16:00:00,108.91
8/23/2017 16:00:00,108.06
8/24/2017 16:00:00,109.17
8/25/2017 16:00:00,108.71
8/28/2017 16:00:00,109.03
8/29/2017 16:00:00,109.05
8/30/2017 16:00:00,110.17
8/31/2017 16:00:00,111.87
9/1/2017 16:00:00,110.89
9/5/2017 16:00:00,110.02
9/6/2017 16:00:00,111.02
9/7/2017 16:00:00,111.42
9/8/2017 16:00:00,112.63
9/11/2017 16:00:00,112.7
9/12/2017 16:00:00,112.35
9/13/2017 16:00:00,113.34
9/14/2017 16:00:00,112.76
9/15/2017 16:00:00,113
9/18/2017 16:00:00,112.91
9/19/2017 16:00:00,112.98
9/20/2017 16:00:00,111.27
9/21/2017 16:00:00,110.82
9/22/2017 16:00:00,111.99
9/25/2017 16:00:00,110.96
9/26/2017 16:00:00,111.74
9/27/2017 16:00:00,112.72
9/28/2017 16:00:00,112.37
9/29/2017 16:00:00,114.02
10/2/2017 16:00:00,115.21
10/3/2017 16:00:00,115.84
10/4/2017 16:00:00,115.76
10/5/2017 16:00:00,116
10/6/2017 16:00:00,116.75
10/9/2017 16:00:00,116.11
10/10/2017 16:00:00,117.28
10/11/2017 16:00:00,117.71
10/12/2017 16:00:00,117.76
10/13/2017 16:00:00,119.13
10/16/2017 16:00:00,118.07
10/17/2017 16:00:00,116.95
10/18/2017 16:00:00,118.01
10/19/2017 16:00:00,117.9
10/20/2017 16:00:00,118.5
10/23/2017 16:00:00,117.52
10/24/2017 16:00:00,117.27
10/25/2017 16:00:00,115.56
10/26/2017 16:00:00,115.88
10/27/2017 16:00:00,117.5
10/30/2017 16:00:00,116.49
10/31/2017 16:00:00,117.71
11/1/2017 16:00:00,103.01
11/2/2017 16:00:00,106.62
11/3/2017 16:00:00,105.65
11/6/2017 16:00:00,105.21
11/7/2017 16:00:00,104.99
11/8/2017 16:00:00,105.36
11/9/2017 16:00:00,103.63
11/10/2017 16:00:00,102.51
11/13/2017 16:00:00,102.8
11/14/2017 16:00:00,102.4
11/15/2017 16:00:00,103.05
11/16/2017 16:00:00,103.01
11/17/2017 16:00:00,102.15
11/20/2017 16:00:00,102.98
11/21/2017 16:00:00,103.95
11/22/2017 16:00:00,103.62
11/24/2017 13:00:00,104.02
11/27/2017 16:00:00,104.72
11/28/2017 16:00:00,104.22
11/29/2017 16:00:00,102.06
11/30/2017 16:00:00,104.29
12/1/2017 16:00:00,104.3
12/4/2017 16:00:00,102.65
12/5/2017 16:00:00,103.59
12/6/2017 16:00:00,103.54
12/7/2017 16:00:00,103.53
12/8/2017 16:00:00,104.78
12/11/2017 16:00:00,105.85
12/12/2017 16:00:00,105.43
12/13/2017 16:00:00,106.43
12/14/2017 16:00:00,106.3
12/15/2017 16:00:00,107.22
12/18/2017 16:00:00,105.5
12/19/2017 16:00:00,104.94
12/20/2017 16:00:00,104.37
12/21/2017 16:00:00,103.21
12/22/2017 16:00:00,101.92
12/26/2017 16:00:00,102.7
12/27/2017 16:00:00,103.31
12/28/2017 16:00:00,103.68
12/29/2017 16:00:00,103.62
1/2/2018 16:00:00,103.77
1/3/2018 16:00:00,105.21
1/4/2018 16:00:00,105.62
1/5/2018 16:00:00,103.42
1/8/2018 16:00:00,103.6
1/9/2018 16:00:00,103.2
1/10/2018 16:00:00,103.14
1/11/2018 16:00:00,102.94
1/12/2018 16:00:00,103
1/16/2018 16:00:00,102.49
1/17/2018 16:00:00,103.57
1/18/2018 16:00:00,103.2
1/19/2018 16:00:00,104.48
1/22/2018 16:00:00,105
1/23/2018 16:00:00,105.34
1/24/2018 16:00:00,105.14
1/25/2018 16:00:00,103.97
1/26/2018 16:00:00,104.58
1/29/2018 16:00:00,105.33
1/30/2018 16:00:00,104.41
1/31/2018 16:00:00,103.41
2/1/2018 16:00:00,103.04
2/2/2018 16:00:00,101.38
2/5/2018 16:00:00,101
2/6/2018 16:00:00,101.44
2/7/2018 16:00:00,99.03
2/8/2018 16:00:00,98.2
2/9/2018 16:00:00,97.84
2/12/2018 16:00:00,99.48
2/13/2018 16:00:00,100.83
2/14/2018 16:00:00,101.2
2/15/2018 16:00:00,102.93
2/16/2018 16:00:00,103.28
2/20/2018 16:00:00,102.21
2/21/2018 16:00:00,103.01
2/22/2018 16:00:00,102.6
2/23/2018 16:00:00,104.31
2/26/2018 16:00:00,105.83
2/27/2018 16:00:00,103.69
2/28/2018 16:00:00,103.89
3/1/2018 16:00:00,102.58
3/2/2018 16:00:00,103.83
3/5/2018 16:00:00,104.25
3/6/2018 16:00:00,103.95
3/7/2018 16:00:00,105.04
3/8/2018 16:00:00,105.17
3/9/2018 16:00:00,105.99
3/12/2018 16:00:00,106.39
3/13/2018 16:00:00,105.25
3/14/2018 16:00:00,104.95
3/15/2018 16:00:00,104.57
3/16/2018 16:00:00,103.59
3/19/2018 16:00:00,103.37
3/20/2018 16:00:00,103.23
3/21/2018 16:00:00,103.03
3/22/2018 16:00:00,101.2
3/23/2018 16:00:00,99.36
3/26/2018 16:00:00,100.85
3/27/2018 16:00:00,99.1
3/28/2018 16:00:00,99.04
3/29/2018 16:00:00,99.34
4/2/2018 16:00:00,98.66
4/3/2018 16:00:00,99.01
4/4/2018 16:00:00,100.55
4/5/2018 16:00:00,100.35
4/6/2018 16:00:00,98.56
4/9/2018 16:00:00,100.16
4/10/2018 16:00:00,102.51
4/11/2018 16:00:00,101.76
4/12/2018 16:00:00,102.68
4/13/2018 16:00:00,102.55
4/16/2018 16:00:00,102.94
4/17/2018 16:00:00,104.67
4/18/2018 16:00:00,104.09
4/19/2018 16:00:00,103.1
4/20/2018 16:00:00,102.23
4/23/2018 16:00:00,102.8
4/24/2018 16:00:00,102.91
4/25/2018 16:00:00,96.33
4/26/2018 16:00:00,97.48
4/27/2018 16:00:00,95.73
4/30/2018 16:00:00,96.51
5/1/2018 16:00:00,98.48
5/2/2018 16:00:00,96.94
5/3/2018 16:00:00,97.61
5/4/2018 16:00:00,98.66
5/7/2018 16:00:00,99.47
5/8/2018 16:00:00,99.93
5/9/2018 16:00:00,99.8
5/10/2018 16:00:00,100.21
5/11/2018 16:00:00,100.23
5/14/2018 16:00:00,98.95
5/15/2018 16:00:00,96.85
5/16/2018 16:00:00,96.4
5/17/2018 16:00:00,95.96
5/18/2018 16:00:00,95.68
5/21/2018 16:00:00,96.97
5/22/2018 16:00:00,96.34
5/23/2018 16:00:00,96.62
5/24/2018 16:00:00,96.41
5/25/2018 16:00:00,97.06
5/29/2018 16:00:00,96.49
5/30/2018 16:00:00,96.95
5/31/2018 16:00:00,97.36
6/1/2018 16:00:00,99.04
6/4/2018 16:00:00,98.65
6/5/2018 16:00:00,98.37
6/6/2018 16:00:00,98.83
6/7/2018 16:00:00,98.02
6/8/2018 16:00:00,99.1
6/11/2018 16:00:00,99.33
6/12/2018 16:00:00,100.88
6/13/2018 16:00:00,100.07
6/14/2018 16:00:00,99.94
6/15/2018 16:00:00,99.97
6/18/2018 16:00:00,100.46
6/19/2018 16:00:00,99.59
6/20/2018 16:00:00,99.51
6/21/2018 16:00:00,98.33
6/22/2018 16:00:00,97.48
6/25/2018 16:00:00,96.55
6/26/2018 16:00:00,97.32
6/27/2018 16:00:00,97.1
6/28/2018 16:00:00,98.63
6/29/2018 16:00:00,97.68
7/2/2018 16:00:00,99.34
7/3/2018 13:00:00,99.39
7/5/2018 16:00:00,99.97
7/6/2018 16:00:00,102.81
7/9/2018 16:00:00,102
7/10/2018 16:00:00,104.39
7/11/2018 16:00:00,108.37
7/12/2018 16:00:00,109.89
7/13/2018 16:00:00,109.31
7/16/2018 16:00:00,108.97
7/17/2018 16:00:00,110.11
7/18/2018 16:00:00,110.67
7/19/2018 16:00:00,111.24
7/20/2018 16:00:00,111.56
7/23/2018 16:00:00,109.92
7/24/2018 16:00:00,111.02
7/25/2018 16:00:00,116.81
7/26/2018 16:00:00,116.67
7/27/2018 16:00:00,113.58
7/30/2018 16:00:00,113.54
7/31/2018 16:00:00,112.67
8/1/2018 16:00:00,111.97
8/2/2018 16:00:00,113.11
8/3/2018 16:00:00,113.12
8/6/2018 16:00:00,114.19
8/7/2018 16:00:00,113.12
8/8/2018 16:00:00,113.35
8/9/2018 16:00:00,113.81
8/10/2018 16:00:00,113.68
8/13/2018 16:00:00,113.29
8/14/2018 16:00:00,114.25
8/15/2018 16:00:00,113.84
8/16/2018 16:00:00,114.31
8/17/2018 16:00:00,114.94
8/20/2018 16:00:00,114.81
8/21/2018 16:00:00,114.31
8/22/2018 16:00:00,115.32
8/23/2018 16:00:00,115.42
8/24/2018 16:00:00,115.74
8/27/2018 16:00:00,115.38
8/28/2018 16:00:00,115.76
8/29/2018 16:00:00,117.68
8/30/2018 16:00:00,116.59
8/31/2018 16:00:00,116.19
9/4/2018 16:00:00,116.61
9/5/2018 16:00:00,115.57
9/6/2018 16:00:00,115.54
9/7/2018 16:00:00,115.42
9/10/2018 16:00:00,117.41
9/11/2018 16:00:00,117.47
9/12/2018 16:00:00,117.93
9/13/2018 16:00:00,119.82
9/14/2018 16:00:00,120.5
9/17/2018 16:00:00,119.66
9/18/2018 16:00:00,119.66
9/19/2018 16:00:00,118.12
9/20/2018 16:00:00,118.71
9/21/2018 16:00:00,117.75
9/24/2018 16:00:00,118.48
9/25/2018 16:00:00,118.16
9/26/2018 16:00:00,118.46
9/27/2018 16:00:00,118.11
9/28/2018 16:00:00,117.67
10/1/2018 16:00:00,117.73
10/2/2018 16:00:00,115.66
10/3/2018 16:00:00,116.69
10/4/2018 16:00:00,115.57
10/5/2018 16:00:00,115.5
10/8/2018 16:00:00,114.34
10/9/2018 16:00:00,113.57
10/10/2018 16:00:00,110.18
10/11/2018 16:00:00,110.27
10/12/2018 16:00:00,111.53
10/15/2018 16:00:00,111.11
10/16/2018 16:00:00,113.3
10/17/2018 16:00:00,112.08
10/18/2018 16:00:00,110.78
10/19/2018 16:00:00,110.27
10/22/2018 16:00:00,112.45
10/23/2018 16:00:00,113.15
10/24/2018 16:00:00,108.33
10/25/2018 16:00:00,109.23
10/26/2018 16:00:00,108.37
10/29/2018 16:00:00,106.84
10/30/2018 16:00:00,107.26
10/31/2018 16:00:00,111
11/1/2018 16:00:00,111.38
11/2/2018 16:00:00,111
11/5/2018 16:00:00,111.64
11/6/2018 16:00:00,111.84
11/7/2018 16:00:00,112.85
11/8/2018 16:00:00,111.61
11/9/2018 16:00:00,112.64
11/12/2018 16:00:00,110.78
11/13/2018 16:00:00,110.93
11/14/2018 16:00:00,111.29
11/15/2018 16:00:00,113.54
11/16/2018 16:00:00,114.34
11/19/2018 16:00:00,111.42
11/20/2018 16:00:00,107.12
11/21/2018 16:00:00,107.99
11/23/2018 13:00:00,109.14
11/26/2018 16:00:00,110.2
11/27/2018 16:00:00,107.85
11/28/2018 16:00:00,111.15
11/29/2018 16:00:00,110.38
11/30/2018 16:00:00,111.81
12/3/2018 16:00:00,112.47
12/4/2018 16:00:00,110.21
12/6/2018 16:00:00,109.99
12/7/2018 16:00:00,106.28
12/10/2018 16:00:00,109.13
12/11/2018 16:00:00,108.84
12/12/2018 16:00:00,108.74
12/13/2018 16:00:00,108.44
12/14/2018 16:00:00,107.42
12/17/2018 16:00:00,104.14
12/18/2018 16:00:00,104.55
12/19/2018 16:00:00,104.36
12/20/2018 16:00:00,103.13
12/21/2018 16:00:00,100.04
12/24/2018 13:00:00,99.6
12/26/2018 16:00:00,102.98
12/27/2018 16:00:00,103.47
12/28/2018 16:00:00,102.91
12/31/2018 16:00:00,102.65
1/2/2019 16:00:00,103.5
1/3/2019 16:00:00,102.35
1/4/2019 16:00:00,105.35
1/7/2019 16:00:00,104.87
1/8/2019 16:00:00,107.57
1/9/2019 16:00:00,107.5
1/10/2019 16:00:00,107.82
1/11/2019 16:00:00,105.39
1/14/2019 16:00:00,104.3
1/15/2019 16:00:00,105.9
1/16/2019 16:00:00,104.43
1/17/2019 16:00:00,105.95
1/18/2019 16:00:00,106.84
1/22/2019 16:00:00,106.66
1/23/2019 16:00:00,107.4
1/24/2019 16:00:00,107.35
1/25/2019 16:00:00,107.99
1/28/2019 16:00:00,109.64
1/29/2019 16:00:00,110.76
1/30/2019 16:00:00,110.93
1/31/2019 16:00:00,111.92
2/1/2019 16:00:00,112.57
2/4/2019 16:00:00,114.28
2/5/2019 16:00:00,115.37
2/6/2019 16:00:00,115.9
2/7/2019 16:00:00,115.79
2/8/2019 16:00:00,116.26
2/11/2019 16:00:00,116.65
2/12/2019 16:00:00,119.09
2/13/2019 16:00:00,118.04
2/14/2019 16:00:00,119.32
2/15/2019 16:00:00,120.1
2/19/2019 16:00:00,120.34
2/20/2019 16:00:00,119.99
2/21/2019 16:00:00,121.18
2/22/2019 16:00:00,122.76
2/25/2019 16:00:00,121.78
2/26/2019 16:00:00,121.48
2/27/2019 16:00:00,123
2/28/2019 16:00:00,122.3
3/1/2019 16:00:00,121.3
3/4/2019 16:00:00,121.15
3/5/2019 16:00:00,120.57
3/6/2019 16:00:00,118.98
3/7/2019 16:00:00,118.46
3/8/2019 16:00:00,118.94
3/11/2019 16:00:00,120.03
3/12/2019 16:00:00,121.2
3/13/2019 16:00:00,122.04
3/14/2019 16:00:00,123.8
3/15/2019 16:00:00,125.64
3/18/2019 16:00:00,126.75
3/19/2019 16:00:00,126.18
3/20/2019 16:00:00,125.81
3/21/2019 16:00:00,126.16
3/22/2019 16:00:00,125.43
3/25/2019 16:00:00,125.43
3/26/2019 16:00:00,126.06
3/27/2019 16:00:00,124.54
3/28/2019 16:00:00,124.83
3/29/2019 16:00:00,126.49
4/1/2019 16:00:00,126.8
4/2/2019 16:00:00,127.99
4/3/2019 16:00:00,127.8
4/4/2019 16:00:00,124.22
4/5/2019 16:00:00,123.97
4/8/2019 16:00:00,124.56
4/9/2019 16:00:00,124.36
4/10/2019 16:00:00,125.55
4/11/2019 16:00:00,125.81
4/12/2019 16:00:00,130.4
4/15/2019 16:00:00,131.57
4/16/2019 16:00:00,130.07
4/17/2019 16:00:00,129.53
4/18/2019 16:00:00,119.99
4/22/2019 16:00:00,118.35
4/23/2019 16:00:00,118.52
4/24/2019 16:00:00,118.19
4/25/2019 16:00:00,119.15
4/26/2019 16:00:00,119.65
4/29/2019 16:00:00,120.79
4/30/2019 16:00:00,120.76
5/1/2019 16:00:00,118.65
5/2/2019 16:00:00,118.59
5/3/2019 16:00:00,119.94
5/6/2019 16:00:00,119.62
5/7/2019 16:00:00,116.42
5/8/2019 16:00:00,117.05
5/9/2019 16:00:00,117.78
5/10/2019 16:00:00,118.63
5/13/2019 16:00:00,115.45
5/14/2019 16:00:00,116.33
5/15/2019 16:00:00,116.81
5/16/2019 16:00:00,119.12
5/17/2019 16:00:00,118.43
5/20/2019 16:00:00,117.97
5/21/2019 16:00:00,117.97
5/22/2019 16:00:00,118.24
5/23/2019 16:00:00,113.4
5/24/2019 16:00:00,113.93
5/28/2019 16:00:00,113.24
5/29/2019 16:00:00,113.14
5/30/2019 16:00:00,112.57
5/31/2019 16:00:00,110.28
6/3/2019 16:00:00,109.4
6/4/2019 16:00:00,112.09
6/5/2019 16:00:00,112.34
6/6/2019 16:00:00,111.96
6/7/2019 16:00:00,111.99
6/10/2019 16:00:00,113.98
6/11/2019 16:00:00,113.28
6/12/2019 16:00:00,113.22
6/13/2019 16:00:00,113
6/14/2019 16:00:00,113.32
6/17/2019 16:00:00,113.35
6/18/2019 16:00:00,112.74
6/19/2019 16:00:00,114.23
6/20/2019 16:00:00,114.82
6/21/2019 16:00:00,114.18
6/24/2019 16:00:00,113.89
6/25/2019 16:00:00,114.08
6/26/2019 16:00:00,113.95
6/27/2019 16:00:00,115.23
6/28/2019 16:00:00,115.61
7/1/2019 16:00:00,117.78
7/2/2019 16:00:00,119.25
7/3/2019 13:00:00,119.47
7/5/2019 16:00:00,119.56
7/8/2019 16:00:00,120.27
7/9/2019 16:00:00,120.21
7/10/2019 16:00:00,119.74
7/11/2019 16:00:00,119.23
7/12/2019 16:00:00,118.8
7/15/2019 16:00:00,117.63
7/16/2019 16:00:00,116.25
7/17/2019 16:00:00,115.99
7/18/2019 16:00:00,116.88
7/19/2019 16:00:00,116.08
7/22/2019 16:00:00,115.27
7/23/2019 16:00:00,115.71
7/24/2019 16:00:00,113.25
7/25/2019 16:00:00,113.68
7/26/2019 16:00:00,112.49
7/29/2019 16:00:00,111.88
7/30/2019 16:00:00,111.43
7/31/2019 16:00:00,111.95
8/1/2019 16:00:00,110.79
8/2/2019 16:00:00,111.74
8/5/2019 16:00:00,108.09
8/6/2019 16:00:00,108.22
8/7/2019 16:00:00,109.32
8/8/2019 16:00:00,111.7
8/9/2019 16:00:00,111.04
8/12/2019 16:00:00,109.43
8/13/2019 16:00:00,110.62
8/14/2019 16:00:00,107.51
8/15/2019 16:00:00,107.64
8/16/2019 16:00:00,108.12
8/19/2019 16:00:00,108.77
8/20/2019 16:00:00,108.47
8/21/2019 16:00:00,109.21
8/22/2019 16:00:00,108.98
8/23/2019 16:00:00,106.8
8/26/2019 16:00:00,106.52
8/27/2019 16:00:00,106.72
8/28/2019 16:00:00,105.78
8/29/2019 16:00:00,107.46
8/30/2019 16:00:00,107.7
9/3/2019 16:00:00,106.53
9/4/2019 16:00:00,106.26
9/5/2019 16:00:00,108
9/6/2019 16:00:00,107.44
9/9/2019 16:00:00,109.89
9/10/2019 16:00:00,111.28
9/11/2019 16:00:00,112.61
9/12/2019 16:00:00,111.32
9/13/2019 16:00:00,111.88
9/16/2019 16:00:00,111.01
9/17/2019 16:00:00,110.69
9/18/2019 16:00:00,111.09
9/19/2019 16:00:00,108.18
9/20/2019 16:00:00,108.9
9/23/2019 16:00:00,108.44
9/24/2019 16:00:00,106.17
9/25/2019 16:00:00,107.75
9/26/2019 16:00:00,109.12
9/27/2019 16:00:00,108.17
9/30/2019 16:00:00,109.5
10/1/2019 16:00:00,107.43
10/2/2019 16:00:00,107.95
10/3/2019 16:00:00,107.9
10/4/2019 16:00:00,111
10/7/2019 16:00:00,110.91
10/8/2019 16:00:00,109.39
10/9/2019 16:00:00,110.16
10/10/2019 16:00:00,109.48
10/11/2019 16:00:00,111.26
10/14/2019 16:00:00,108.74
10/15/2019 16:00:00,108.9
10/16/2019 16:00:00,108.2
10/17/2019 16:00:00,108.05
10/18/2019 16:00:00,107.41
10/21/2019 16:00:00,107.39
10/22/2019 16:00:00,106.64
10/23/2019 16:00:00,107.34
10/24/2019 16:00:00,108.5
10/25/2019 16:00:00,108.32
10/28/2019 16:00:00,109.02
10/29/2019 16:00:00,113.11
10/30/2019 16:00:00,112.15
10/31/2019 16:00:00,112.41
11/1/2019 16:00:00,112.12
11/4/2019 16:00:00,111.55
11/5/2019 16:00:00,113.39
11/6/2019 16:00:00,113.74
11/7/2019 16:00:00,114.59
11/8/2019 16:00:00,115.42
11/11/2019 16:00:00,115.87
11/12/2019 16:00:00,115.7
11/13/2019 16:00:00,115.82
11/14/2019 16:00:00,116.28
11/15/2019 16:00:00,116.4
11/18/2019 16:00:00,116.87
11/19/2019 16:00:00,117.31
11/20/2019 16:00:00,116.58
11/21/2019 16:00:00,116.27
11/22/2019 16:00:00,117.12
11/25/2019 16:00:00,117.16
11/26/2019 16:00:00,117.32
11/27/2019 16:00:00,118.64
11/29/2019 13:00:00,117.88
12/2/2019 16:00:00,116.39
12/3/2019 16:00:00,113.02
12/4/2019 16:00:00,112.57
12/5/2019 16:00:00,113.31
12/6/2019 16:00:00,112.93
12/9/2019 16:00:00,113.47
12/10/2019 16:00:00,112.39
12/11/2019 16:00:00,113.53
12/12/2019 16:00:00,113.77
12/13/2019 16:00:00,113.31
12/16/2019 16:00:00,113.18
12/17/2019 16:00:00,111
12/18/2019 16:00:00,112.17
12/19/2019 16:00:00,112.68
12/20/2019 16:00:00,111.68
12/23/2019 16:00:00,111.75
12/24/2019 13:00:00,111.58
12/26/2019 16:00:00,112.07
12/27/2019 16:00:00,111.8
12/30/2019 16:00:00,111.68
12/31/2019 16:00:00,110.96
1/2/2020 16:00:00,112.26
1/3/2020 16:00:00,112.29
1/6/2020 16:00:00,112.8
1/7/2020 16:00:00,112.03
1/8/2020 16:00:00,111.48
1/9/2020 16:00:00,111.71
1/10/2020 16:00:00,112.62
1/13/2020 16:00:00,113.44
1/14/2020 16:00:00,113.68
1/15/2020 16:00:00,113.92
1/16/2020 16:00:00,114.78
1/17/2020 16:00:00,113.75
1/21/2020 16:00:00,113.89
1/22/2020 16:00:00,114.88
1/23/2020 16:00:00,115.51
1/24/2020 16:00:00,115.48
1/27/2020 16:00:00,114.33
1/28/2020 16:00:00,113.77
1/29/2020 16:00:00,113.95
1/30/2020 16:00:00,114.37
1/31/2020 16:00:00,114.31
2/3/2020 16:00:00,113.58
2/4/2020 16:00:00,115.12
2/5/2020 16:00:00,115.52
2/6/2020 16:00:00,117.53
2/7/2020 16:00:00,117.26
2/10/2020 16:00:00,118.08
2/11/2020 16:00:00,117.88
2/12/2020 16:00:00,119.28
2/13/2020 16:00:00,117.88
2/14/2020 16:00:00,117.1
2/18/2020 16:00:00,116.4
2/19/2020 16:00:00,117
2/20/2020 16:00:00,117.54
2/21/2020 16:00:00,116.34
2/24/2020 16:00:00,111.65
2/25/2020 16:00:00,106.38
2/26/2020 16:00:00,103.66
2/27/2020 16:00:00,101.64
2/28/2020 16:00:00,103.8
3/2/2020 16:00:00,104.12
3/3/2020 16:00:00,100.5
3/4/2020 16:00:00,104
3/5/2020 16:00:00,100.58
3/6/2020 16:00:00,98.6
3/9/2020 16:00:00,91.78
3/10/2020 16:00:00,92.74
3/11/2020 16:00:00,90.75
3/12/2020 16:00:00,82.05
3/13/2020 16:00:00,93.67
3/16/2020 16:00:00,90.93
3/17/2020 16:00:00,99.84
3/18/2020 16:00:00,92.07
3/19/2020 16:00:00,91.51
3/20/2020 16:00:00,89.75
3/23/2020 16:00:00,87.5
3/24/2020 16:00:00,91.94
3/25/2020 16:00:00,93.86
3/26/2020 16:00:00,95.5
3/27/2020 16:00:00,99.07
3/30/2020 16:00:00,99.19
3/31/2020 16:00:00,100.54
4/1/2020 16:00:00,98.28
4/2/2020 16:00:00,98.74
4/3/2020 16:00:00,98.31
4/6/2020 16:00:00,103.58
4/7/2020 16:00:00,105.14
4/8/2020 16:00:00,107.04
4/9/2020 16:00:00,105.36
4/13/2020 16:00:00,105
4/14/2020 16:00:00,103.78
4/15/2020 16:00:00,102.1
4/16/2020 16:00:00,104.91
4/17/2020 16:00:00,106.12
4/20/2020 16:00:00,105.33
4/21/2020 16:00:00,101.79
4/22/2020 16:00:00,103.88
4/23/2020 16:00:00,103.84
4/24/2020 16:00:00,104.37
4/27/2020 16:00:00,108.09
4/28/2020 16:00:00,105.25
4/29/2020 16:00:00,105.56
4/30/2020 16:00:00,105.74
5/1/2020 16:00:00,101.99
5/4/2020 16:00:00,103.62
5/5/2020 16:00:00,105.15
5/6/2020 16:00:00,105.65
5/7/2020 16:00:00,107.21
5/8/2020 16:00:00,106.99
5/11/2020 16:00:00,107.99
5/12/2020 16:00:00,105.06
5/13/2020 16:00:00,102.4
5/14/2020 16:00:00,104.85
5/15/2020 16:00:00,104.75
5/18/2020 16:00:00,106.44
5/19/2020 16:00:00,105.5
5/20/2020 16:00:00,107.79
5/21/2020 16:00:00,106.48
5/22/2020 16:00:00,106.91
5/26/2020 16:00:00,107.65
5/27/2020 16:00:00,107.23
5/28/2020 16:00:00,107.86
5/29/2020 16:00:00,109.67
6/1/2020 16:00:00,108.39
6/2/2020 16:00:00,108.09
6/3/2020 16:00:00,107.3
6/4/2020 16:00:00,108.85
6/5/2020 16:00:00,111.67
6/8/2020 16:00:00,111.61
6/9/2020 16:00:00,110.76
6/10/2020 16:00:00,110.26
6/11/2020 16:00:00,105.46
6/12/2020 16:00:00,106.08
6/15/2020 16:00:00,106.13
6/16/2020 16:00:00,108.13
6/17/2020 16:00:00,108.05
6/18/2020 16:00:00,108.46
6/19/2020 16:00:00,107.62
6/22/2020 16:00:00,106.51
6/23/2020 16:00:00,107
6/24/2020 16:00:00,105.02
6/25/2020 16:00:00,106.39
6/26/2020 16:00:00,105.9
6/29/2020 16:00:00,106.35
6/30/2020 16:00:00,107.43
7/1/2020 16:00:00,107.92
7/2/2020 16:00:00,108.59
7/6/2020 16:00:00,111.53
7/7/2020 16:00:00,115.88
7/8/2020 16:00:00,115.94
7/9/2020 16:00:00,118.73
7/10/2020 16:00:00,119.45
7/13/2020 16:00:00,116.63
7/14/2020 16:00:00,118.38
7/15/2020 16:00:00,120.38
7/16/2020 16:00:00,119.23
7/17/2020 16:00:00,120.85
7/20/2020 16:00:00,124.79
7/21/2020 16:00:00,124.36
7/22/2020 16:00:00,123.02
7/23/2020 16:00:00,124.2
7/24/2020 16:00:00,123.48
7/27/2020 16:00:00,123.98
7/28/2020 16:00:00,121.17
7/29/2020 16:00:00,122.76
7/30/2020 16:00:00,123.54
7/31/2020 16:00:00,125.35
8/3/2020 16:00:00,122.41
8/4/2020 16:00:00,123.37
8/5/2020 16:00:00,125.22
8/6/2020 16:00:00,123.72
8/7/2020 16:00:00,123.73
8/10/2020 16:00:00,124.64
8/11/2020 16:00:00,123.99
8/12/2020 16:00:00,124.96
8/13/2020 16:00:00,124.89
8/14/2020 16:00:00,123.95
8/17/2020 16:00:00,123.66
8/18/2020 16:00:00,127.61
8/19/2020 16:00:00,128.08
8/20/2020 16:00:00,127.84
8/21/2020 16:00:00,128.37
8/24/2020 16:00:00,129.68
8/25/2020 16:00:00,127.84
8/26/2020 16:00:00,128.95
8/27/2020 16:00:00,127.63
8/28/2020 16:00:00,126.89
8/31/2020 16:00:00,126.26
9/1/2020 16:00:00,126.64
9/2/2020 16:00:00,130.58
9/3/2020 16:00:00,124.01
9/4/2020 16:00:00,119.98
9/8/2020 16:00:00,117.44
9/9/2020 16:00:00,119.79
9/10/2020 16:00:00,118.1
9/11/2020 16:00:00,118.27
9/14/2020 16:00:00,121
9/15/2020 16:00:00,122.78
9/16/2020 16:00:00,120.83
9/17/2020 16:00:00,119.98
9/18/2020 16:00:00,118
9/21/2020 16:00:00,116.88
9/22/2020 16:00:00,120.05
9/23/2020 16:00:00,118.55
9/24/2020 16:00:00,118.18
9/25/2020 16:00:00,120.19
9/28/2020 16:00:00,121.6
9/29/2020 16:00:00,120.73
9/30/2020 16:00:00,120.34
10/1/2020 16:00:00,118.85
10/2/2020 16:00:00,118.31
10/5/2020 16:00:00,121.26
10/6/2020 16:00:00,121.04
10/7/2020 16:00:00,122.62
10/8/2020 16:00:00,123.33
10/9/2020 16:00:00,125.18
10/12/2020 16:00:00,126.78
10/13/2020 16:00:00,127.13
10/14/2020 16:00:00,128.03
10/15/2020 16:00:00,127.67
10/16/2020 16:00:00,126.62
10/19/2020 16:00:00,126.49
10/20/2020 16:00:00,123.75
10/21/2020 16:00:00,124.46
10/22/2020 16:00:00,121
10/23/2020 16:00:00,120.47
10/26/2020 16:00:00,120
10/27/2020 16:00:00,119.46
10/28/2020 16:00:00,115.53
10/29/2020 16:00:00,115.85
10/30/2020 16:00:00,113.56
11/2/2020 16:00:00,115.51
11/3/2020 16:00:00,118.3
11/4/2020 16:00:00,119.4
11/5/2020 16:00:00,121.23
11/6/2020 16:00:00,121.26
11/9/2020 16:00:00,119.52
11/10/2020 16:00:00,116.58
11/11/2020 16:00:00,118
11/12/2020 16:00:00,116.25
11/13/2020 16:00:00,118.67
11/16/2020 16:00:00,119.29
11/17/2020 16:00:00,119.14
11/18/2020 16:00:00,117.49
11/19/2020 16:00:00,119.18
11/20/2020 16:00:00,118.9
11/23/2020 16:00:00,119.86
11/24/2020 16:00:00,118.85
11/25/2020 16:00:00,119.43
11/27/2020 13:00:00,119.72
11/30/2020 16:00:00,117.68
12/1/2020 16:00:00,118.97
12/2/2020 16:00:00,118.12
12/3/2020 16:00:00,119.76
12/4/2020 16:00:00,120.22
12/7/2020 16:00:00,119.57
12/8/2020 16:00:00,123.16
12/9/2020 16:00:00,120.86
12/10/2020 16:00:00,119.75
12/11/2020 16:00:00,120.32
12/14/2020 16:00:00,122.52
12/15/2020 16:00:00,123.13
12/16/2020 16:00:00,120.76
12/17/2020 16:00:00,119.63
12/18/2020 16:00:00,122.25
12/21/2020 16:00:00,126.97
12/22/2020 16:00:00,133.42
12/23/2020 16:00:00,134.88
12/24/2020 13:00:00,134.75
12/28/2020 16:00:00,137.59
12/29/2020 16:00:00,135.04
12/30/2020 16:00:00,134.12
12/31/2020 16:00:00,132.91
1/4/2021 16:00:00,129.88
1/5/2021 16:00:00,128.74
1/6/2021 16:00:00,126.42
1/7/2021 16:00:00,127.06
1/8/2021 16:00:00,131.96
1/11/2021 16:00:00,133.91
1/12/2021 16:00:00,132.79
1/13/2021 16:00:00,129.68
1/14/2021 16:00:00,128.63
1/15/2021 16:00:00,127.61
1/19/2021 16:00:00,127.63
1/20/2021 16:00:00,127.62
1/21/2021 16:00:00,127.12
1/22/2021 16:00:00,129.4
1/25/2021 16:00:00,130.04
1/26/2021 16:00:00,130.8
1/27/2021 16:00:00,133.23
1/28/2021 16:00:00,132.22
1/29/2021 16:00:00,127.74
2/1/2021 16:00:00,132.74
2/2/2021 16:00:00,134.1
2/3/2021 16:00:00,120.03
2/4/2021 16:00:00,120.57
2/5/2021 16:00:00,118.26
2/8/2021 16:00:00,117.65
2/9/2021 16:00:00,118.09
2/10/2021 16:00:00,118.65
2/11/2021 16:00:00,120.16
2/12/2021 16:00:00,120.72
2/16/2021 16:00:00,117.8
2/17/2021 16:00:00,116.92
2/18/2021 16:00:00,116.44
2/19/2021 16:00:00,115.88
2/22/2021 16:00:00,115.94
2/23/2021 16:00:00,114.03
2/24/2021 16:00:00,113.05
2/25/2021 16:00:00,111.24
2/26/2021 16:00:00,110.24
3/1/2021 16:00:00,113.03
3/2/2021 16:00:00,111.24
3/3/2021 16:00:00,110.31
3/4/2021 16:00:00,110.64
3/5/2021 16:00:00,114.25
3/8/2021 16:00:00,112.4
3/9/2021 16:00:00,114.2
3/10/2021 16:00:00,114.43
3/11/2021 16:00:00,115.23
3/12/2021 16:00:00,115.15
3/15/2021 16:00:00,117.42
3/16/2021 16:00:00,117.97
3/17/2021 16:00:00,117.06
3/18/2021 16:00:00,116.09
3/19/2021 16:00:00,116.68
3/22/2021 16:00:00,117.2
3/23/2021 16:00:00,115.84
3/24/2021 16:00:00,114.28
3/25/2021 16:00:00,113.26
3/26/2021 16:00:00,115.25
3/29/2021 16:00:00,115.95
3/30/2021 16:00:00,114.43
3/31/2021 16:00:00,111.97